Iteration Number,Max Score,Average Score,STD,topNAvg,top1,top2,top3,top4,top5,top6,top7,top8,top9,top10
0,1.0,0.3942307692307692,1.3342883660539735,0.3942307692307692,1.0,1.0,1.0,0.15384615384615385,0.0,0.0,0.0,0.0,0.0,0.0
