FIELD,TP,TN,FP,FN,P,R,F1,A
product,85,0,1,0,0.9883720930232558,1.0,0.9941520467836257,0.9883720930232558
invoice_number,14,0,0,0,1.0,1.0,1.0,1.0
